{"cameraMode":{"drawMode":0,"name":"Shaded","section":"Shading Mode"},"sceneLighting":true,"audioPlay":false,"sceneViewState":{"m_AlwaysRefresh":false,"showFog":true,"showSkybox":true,"showFlares":true,"showImageEffects":true,"showParticleSystems":true,"showVisualEffectGraphs":true,"m_FxEnabled":true},"in2DMode":false,"pivot":{"x":-10.341133117675782,"y":3.2387568950653078,"z":-24.76606559753418},"rotation":{"x":-0.07073979824781418,"y":-0.01735820807516575,"z":0.0012316434876993299,"w":-0.9973474740982056},"size":1.2332971096038819,"orthographic":false}